study_hours,attendance_percent,assignment_score,sleep_hours,previous_score,participation_score,final_score
1,64,89,5.7,77,8,45.95
8,86,84,6.0,41,7,51.14
7,99,74,5.6,80,10,49.06
5,95,94,6.7,41,10,47.17
5,71,47,7.6,38,8,26.8
9,78,96,5.5,42,4,49.27
1,81,91,6.0,63,6,46.39
7,70,70,8.7,72,5,42.33
3,71,84,4.7,59,7,42.7
1,69,71,6.6,42,9,37.32
6,100,56,7.7,47,4,43.33
10,90,88,5.2,86,6,54.15
8,94,55,4.7,93,1,38.32
8,93,59,5.1,81,8,50.75
8,99,71,8.6,41,5,42.77
8,64,91,4.5,85,5,42.0
6,96,63,5.3,77,6,55.68
2,62,70,4.6,67,3,43.68
9,79,42,5.0,43,6,36.53
5,84,47,7.3,95,8,41.07
6,74,43,5.6,61,4,34.55
4,65,44,7.1,37,2,35.38
2,67,92,7.2,47,4,45.07
10,93,91,8.3,59,2,53.38
8,73,90,4.5,38,4,41.82
7,72,43,8.3,54,7,39.58
5,97,44,7.3,63,2,36.68
9,65,57,5.2,92,8,39.0
6,97,74,8.0,40,3,52.91
5,97,60,8.3,70,9,42.69
5,84,69,5.6,90,8,45.73
3,66,50,8.6,84,3,38.98
1,66,84,6.5,91,6,47.11
6,71,59,7.2,45,2,38.24
9,83,44,8.9,83,1,53.96
1,66,85,6.1,94,10,49.28
9,78,95,8.2,54,9,44.98
9,64,40,5.9,65,2,39.57
3,82,66,8.1,67,3,42.52
7,60,90,7.2,65,2,43.12
2,89,83,5.5,52,4,46.74
8,62,92,6.4,94,3,46.26
8,67,65,5.9,93,4,48.45
4,67,62,4.9,58,6,33.86
1,94,83,4.6,84,2,44.45
10,62,49,6.1,59,9,34.67
5,77,54,4.6,83,8,37.69
9,84,76,5.2,70,8,51.72
7,81,80,7.8,63,2,51.82
8,87,47,7.7,42,8,50.82
8,92,71,7.8,74,9,62.26
2,76,62,5.9,54,2,34.54
4,93,70,8.5,48,8,48.76
5,73,98,7.2,46,4,41.72
5,100,44,5.1,94,8,40.82
1,80,100,5.1,41,5,41.62
6,90,67,7.6,83,9,44.71
2,95,87,5.3,87,2,44.75
8,92,65,6.8,36,4,43.42
7,94,58,9.0,70,3,43.56
10,81,87,4.5,70,3,50.64
8,61,81,4.6,56,4,35.55
4,80,48,9.0,75,4,59.29
10,67,83,7.1,59,2,43.65
5,96,85,5.1,61,8,48.43
4,69,63,8.5,61,6,37.49
10,69,96,8.5,83,9,62.2
4,70,79,6.9,73,8,51.59
1,86,60,7.3,58,2,44.89
5,83,40,5.7,91,1,34.24
8,98,81,4.7,83,5,50.78
2,77,52,7.2,91,5,38.35
5,71,86,5.8,79,3,53.51
2,62,72,7.5,58,8,46.3
7,60,68,8.3,82,6,46.19
5,75,49,4.6,55,8,24.28
4,97,83,7.2,51,2,44.42
3,81,50,5.5,62,9,42.85
6,96,65,8.4,94,3,58.6
7,64,91,5.6,69,5,50.69
10,63,96,7.2,58,5,39.86
5,94,100,7.0,63,9,55.05
2,64,98,6.3,52,3,49.57
9,62,73,7.5,75,3,36.98
7,76,52,7.8,56,4,42.16
8,97,91,7.1,68,4,54.74
1,88,88,7.9,57,2,48.11
4,64,100,8.9,54,2,40.05
8,94,79,6.4,94,3,50.51
9,94,48,6.8,56,5,42.1
5,92,70,4.6,39,4,40.64
9,97,67,8.1,58,4,46.95
9,69,91,6.8,67,8,46.1
4,100,63,6.3,40,3,43.71
9,73,60,4.9,53,10,41.58
3,92,44,8.5,45,8,41.51
3,83,90,6.3,65,2,45.86
7,91,86,7.6,79,4,53.48
7,85,42,5.2,94,2,32.16
2,86,66,8.8,58,3,49.43
9,85,69,5.3,87,4,46.67
2,91,68,5.4,48,2,42.32
9,90,96,8.4,82,1,61.14
1,65,49,8.6,69,5,31.18
8,93,58,5.5,81,8,36.06
8,81,51,6.6,81,4,45.21
8,73,54,7.8,67,9,43.7
7,81,95,8.5,50,4,52.14
5,99,97,6.2,67,10,50.87
8,95,42,6.8,85,3,48.68
3,94,78,7.8,94,6,57.86
8,78,54,7.8,91,8,49.38
6,92,51,8.0,46,1,42.44
5,75,57,7.1,71,10,32.87
6,88,51,5.0,41,4,42.11
6,86,69,8.6,75,5,56.13
1,70,100,8.4,95,7,56.7
2,70,75,8.1,38,7,38.65
3,62,84,4.9,75,1,45.24
2,65,70,5.4,92,9,47.06
5,77,40,7.8,86,7,50.81
7,79,45,4.6,58,10,32.98
7,66,56,8.9,41,5,40.22
5,77,54,6.2,91,7,47.38
9,84,91,7.7,91,5,54.82
6,69,91,8.5,70,9,45.0
1,73,92,6.3,94,9,51.56
8,75,78,5.9,35,10,45.34
6,80,73,7.2,72,6,47.78
7,75,79,7.1,37,8,45.35
6,90,64,6.3,92,4,46.72
6,73,80,7.2,76,5,55.05
1,77,88,8.7,90,8,48.11
6,75,86,6.6,69,1,44.24
8,67,77,5.4,40,8,40.47
4,88,43,6.2,36,1,41.83
7,69,84,6.3,55,6,37.02
1,72,62,5.1,80,5,33.84
4,92,85,5.2,44,5,35.15
5,98,72,7.6,86,5,52.26
10,87,93,6.0,49,5,43.31
3,97,60,8.8,65,5,47.1
3,95,96,5.6,47,5,51.85
5,79,91,4.9,63,6,42.62
10,91,60,7.9,62,8,49.23
9,73,69,8.5,35,6,42.77
1,78,72,5.8,69,7,46.74
3,81,86,5.4,82,9,50.12
9,99,82,5.3,92,10,49.05
1,94,91,6.8,55,2,48.54
9,80,62,6.6,88,8,52.1
3,86,70,5.7,88,3,48.3
10,68,66,4.7,95,2,36.05
3,92,95,6.7,57,8,53.99
5,82,58,8.8,86,1,42.76
7,81,75,7.4,69,9,55.4
2,91,47,6.7,38,8,44.89
6,85,91,5.0,51,10,47.85
6,62,63,5.6,75,7,41.07
8,71,60,5.8,44,9,38.11
10,67,75,7.9,61,2,49.26
7,90,70,8.4,82,9,50.01
5,61,91,8.6,44,2,47.1
5,68,72,8.9,65,4,50.83
5,84,71,8.9,48,2,44.5
9,88,46,8.8,67,5,43.32
4,80,41,4.8,49,8,29.43
2,95,64,5.1,93,3,40.93
4,97,100,5.9,39,9,40.67
1,65,95,7.0,93,7,53.03
2,99,78,4.9,83,7,57.55
1,85,78,8.3,87,10,58.64
8,86,63,7.3,86,5,40.4
8,63,50,6.9,46,4,40.99
7,85,40,5.2,91,10,48.85
5,89,60,5.6,71,6,41.62
8,83,59,5.2,93,7,45.49
2,63,51,8.3,88,3,32.41
10,81,55,7.1,70,3,45.9
6,98,41,7.8,57,2,38.58
10,89,77,5.8,42,3,46.22
2,65,96,6.2,41,2,35.17
5,99,82,6.3,58,8,52.28
7,99,67,7.9,84,1,56.87
5,66,65,8.0,65,7,39.82
5,92,58,5.4,64,10,37.72
2,76,48,8.7,49,8,30.57
4,84,76,5.0,69,5,43.15
3,78,74,8.5,73,1,45.24
4,92,40,5.0,94,9,34.5
7,100,65,5.7,79,1,50.04
7,92,56,8.3,72,7,46.14
7,98,50,5.3,90,7,40.31
4,98,82,6.4,60,2,46.27
10,63,72,6.5,92,8,51.45
1,70,78,5.6,57,2,44.13
4,89,83,7.7,42,3,47.18
2,84,99,8.3,60,9,55.65
4,62,88,8.4,42,10,39.68
10,63,77,6.0,42,3,41.0
4,81,93,6.9,88,10,52.89
10,85,69,5.6,83,10,45.07
5,66,100,5.6,48,8,47.0
7,67,86,5.2,86,2,41.74
5,65,79,8.7,39,3,46.76
3,83,95,8.5,52,7,53.97
8,60,71,8.0,78,10,31.35
10,83,83,6.8,53,9,54.25
3,79,57,6.7,79,5,28.25
8,79,98,6.9,88,3,49.93
3,87,78,6.9,39,10,50.54
8,81,87,6.5,36,3,44.0
8,89,68,5.1,92,4,39.86
5,91,92,5.1,66,10,43.62
8,97,44,8.8,65,6,52.45
3,92,46,6.7,63,3,32.48
1,81,70,8.8,61,1,52.42
1,80,84,5.2,77,5,45.36
5,69,89,7.0,70,10,41.88
10,84,66,5.4,44,5,39.18
2,65,79,5.6,73,7,37.53
5,98,73,4.6,75,3,50.85
8,94,98,5.0,41,8,52.22
3,64,79,8.6,57,8,37.04
8,92,65,5.9,83,7,45.71
4,64,99,7.2,72,8,44.54
9,89,46,6.6,43,6,47.43
6,63,100,6.3,37,4,37.38
6,80,49,6.9,70,8,50.55
2,86,57,5.3,63,9,40.98
5,89,90,8.9,93,9,50.88
9,77,84,8.2,66,3,46.71
1,97,99,7.8,91,7,52.85
8,91,85,6.6,48,1,41.85
5,68,78,5.2,62,6,42.33
8,87,61,8.6,43,6,39.94
7,89,40,6.0,70,4,30.18
5,73,47,4.7,46,10,33.25
4,90,58,6.0,65,9,34.73
7,96,42,8.1,55,1,40.35
2,93,70,7.3,46,3,41.02
6,91,87,7.9,40,3,45.09
1,86,98,8.1,66,9,62.81
7,71,69,5.5,92,6,44.95
7,92,93,8.7,47,8,54.46
1,74,100,6.5,59,9,39.03
8,81,92,7.4,48,8,46.17
5,72,68,4.5,84,1,42.61
8,72,59,9.0,60,2,39.88
1,66,99,5.8,94,4,52.88
2,99,54,4.8,49,4,34.39
5,66,65,6.6,39,8,37.69
2,63,44,5.1,70,2,31.58
4,98,88,5.2,74,4,50.7
7,82,79,7.3,95,3,48.01
2,77,45,6.3,88,2,39.46
7,90,53,8.6,88,2,47.96
2,75,73,5.9,73,2,39.72
2,65,72,7.8,56,6,45.31
6,89,88,6.6,61,5,50.77
8,67,56,7.5,43,5,39.41
2,82,96,7.2,61,5,47.63
3,98,67,6.6,57,8,50.58
10,98,90,8.8,37,9,52.48
10,74,54,6.0,47,6,37.89
6,91,42,5.3,67,7,40.99
5,85,43,7.6,57,8,50.36
4,79,62,8.3,95,7,42.07
7,65,98,4.7,64,2,48.34
6,75,42,6.5,93,10,32.76
3,86,62,8.5,75,2,48.8
1,100,46,7.9,37,5,50.33
2,60,96,9.0,47,7,49.72
10,89,81,6.9,78,5,52.2
5,94,86,7.5,68,3,48.99
5,98,83,5.9,53,10,48.79
5,77,80,8.8,66,1,47.98
8,64,87,6.1,90,3,43.4
1,71,40,7.8,58,10,37.05
1,94,92,6.3,37,8,48.48
3,95,85,7.0,53,1,45.1
5,86,85,7.7,92,8,49.24
7,65,63,6.8,81,10,36.88
5,64,88,8.6,86,1,51.99
5,79,63,6.4,90,5,48.39
10,84,42,7.4,42,5,41.74
2,61,95,6.0,52,2,47.71
6,88,54,6.3,38,3,40.81
6,82,46,6.5,35,2,39.73
5,60,77,5.1,85,2,43.59
9,63,54,4.9,92,5,39.53
3,78,92,7.5,44,5,44.66
10,89,67,7.4,79,3,60.59
4,93,40,7.5,67,3,40.75
6,77,98,4.6,39,2,40.45
6,72,71,6.0,90,8,47.87
9,99,56,5.4,88,3,48.28
5,78,81,8.0,69,10,42.4
3,72,72,8.4,78,6,53.07
1,78,41,5.6,59,9,36.19
4,60,86,7.5,83,7,41.72
9,72,64,5.1,62,3,46.49
1,81,82,5.7,95,7,51.3
9,97,94,5.1,38,3,41.73
6,90,77,5.8,45,2,53.63
2,92,80,7.5,94,3,55.58
4,82,55,8.6,52,3,43.83
6,64,54,5.4,53,2,44.07
4,76,65,6.9,83,1,45.79
2,100,92,7.7,46,10,51.81
7,61,71,8.8,66,6,42.28
7,96,61,7.2,52,5,49.11
2,88,87,5.6,47,10,48.22
3,71,92,7.3,93,3,50.56
3,91,95,5.9,47,5,44.14
7,94,58,8.9,40,9,47.62
8,61,83,6.3,76,7,44.94
8,64,76,7.6,87,4,40.71
10,87,67,4.6,42,3,33.9
8,100,64,6.3,78,1,51.44
4,60,46,8.4,67,1,26.33
2,87,56,7.2,85,2,46.67
7,65,73,6.5,42,8,38.58
10,86,94,8.7,94,7,64.15
10,85,92,8.3,72,5,51.64
3,63,51,5.9,86,8,42.57
3,87,81,7.0,57,2,45.28
1,96,45,6.7,92,3,45.66
2,95,81,7.3,73,4,54.37
6,61,60,6.0,42,10,34.79
6,70,67,5.6,91,7,49.02
4,69,83,8.6,83,9,45.19
4,78,65,8.7,53,3,46.68
9,65,89,8.3,68,9,54.28
5,95,72,8.9,58,1,53.69
9,91,100,7.9,68,3,64.83
10,93,78,7.9,93,6,50.79
4,68,58,7.9,89,1,37.49
3,60,87,6.7,48,9,37.72
10,97,64,6.6,94,9,54.5
7,71,72,5.6,61,6,44.75
3,86,48,7.4,77,4,44.41
7,97,47,5.8,81,1,38.73
6,61,75,5.7,64,7,45.14
10,60,51,7.1,62,6,33.39
3,60,100,6.3,62,8,51.54
10,66,92,5.5,87,7,62.44
10,62,82,8.2,58,2,48.21
2,93,84,8.4,52,2,53.18
2,84,76,5.3,57,8,41.07
6,100,43,4.5,46,2,29.52
1,92,63,6.0,58,10,40.71
3,99,70,8.1,41,2,42.03
5,69,95,8.3,40,8,40.47
10,71,53,5.1,79,10,49.48
10,94,70,8.0,39,5,49.38
2,70,60,5.0,69,1,40.22
9,62,48,6.3,82,9,38.6
1,87,46,9.0,79,2,44.86
8,92,62,5.4,62,6,49.08
9,99,45,5.2,46,10,40.94
9,98,44,6.4,91,8,49.53
3,64,61,7.3,85,1,41.71
9,91,52,8.7,72,9,46.98
2,94,73,8.9,40,2,40.98
6,88,41,4.8,37,8,26.19
5,93,58,5.1,54,7,40.58
4,94,67,8.1,44,3,46.93
1,78,98,5.7,87,5,43.12
8,61,78,8.5,47,2,44.22
4,78,93,7.5,52,10,49.18
7,68,60,5.0,94,3,30.94
5,64,67,8.2,84,4,41.12
4,65,65,5.3,48,6,39.55
9,88,94,6.4,58,7,52.64
1,80,98,7.0,66,6,44.07
8,82,98,6.8,75,6,53.13
8,90,85,7.6,92,6,59.45
4,82,70,7.4,88,9,52.75
3,85,72,9.0,94,4,51.66
1,63,99,9.0,37,9,44.96
10,94,57,6.8,49,8,41.97
10,78,61,4.9,69,10,44.61
3,66,94,7.8,37,10,46.64
1,93,63,8.9,56,8,51.04
2,90,54,5.9,44,3,40.51
1,62,74,6.6,91,8,48.43
9,67,59,6.4,38,8,39.17
9,60,94,4.7,44,3,45.31
2,71,95,7.5,46,7,51.08
8,64,58,6.1,44,3,33.49
2,89,72,8.0,69,6,39.76
4,81,100,8.2,57,8,59.82
6,100,85,8.2,90,2,57.36
8,90,53,6.4,50,4,33.85
9,85,76,5.9,67,8,43.58
1,80,77,7.9,75,5,52.09
2,62,79,8.1,73,10,44.67
3,62,41,6.7,83,1,35.07
4,85,58,8.5,47,8,51.71
10,60,92,5.1,65,9,39.19
8,61,54,8.5,83,10,40.32
4,68,58,4.9,87,2,40.83
10,96,59,5.2,72,10,47.85
5,78,50,6.9,74,4,44.69
6,89,49,4.8,87,4,46.94
5,76,61,4.7,73,4,41.42
2,67,93,4.5,92,7,48.2
10,75,40,6.5,42,7,36.11
1,63,57,8.0,56,5,40.13
2,91,43,4.7,41,1,36.33
3,67,74,7.4,40,10,43.02
3,75,55,8.2,63,3,46.76
2,100,88,5.3,48,1,49.89
1,84,75,5.2,59,6,43.24
7,78,87,8.4,61,5,46.29
10,82,78,8.2,72,7,51.4
2,92,66,6.9,92,9,49.01
3,70,92,8.2,86,1,51.77
6,86,69,4.9,58,3,53.64
10,95,97,6.3,54,6,49.47
7,83,100,7.8,82,8,57.13
8,78,75,5.7,42,7,47.95
6,65,81,7.9,67,4,46.96
5,70,55,6.8,60,7,52.05
2,98,89,7.9,46,10,49.46
9,82,80,6.6,72,5,50.26
9,72,95,6.2,54,9,43.47
1,77,56,5.5,46,8,35.89
8,83,88,5.4,74,4,49.6
1,82,68,7.9,45,3,48.04
8,88,51,5.0,76,8,44.12
9,70,50,4.9,44,3,41.87
2,86,74,5.3,61,4,43.14
5,78,59,5.3,84,3,40.69
2,98,46,8.2,48,7,57.54
6,66,66,6.3,81,3,44.84
10,66,79,9.0,79,7,46.66
1,78,59,5.1,90,10,38.86
4,80,98,7.4,45,9,44.53
10,88,87,6.5,78,10,56.73
4,76,71,6.3,92,1,44.25
2,97,97,8.4,81,5,57.1
5,79,66,8.9,46,3,45.07
6,65,48,8.4,85,10,47.22
7,64,42,5.4,41,8,29.23
4,99,97,5.5,70,4,46.35
10,65,98,7.5,65,6,50.89
6,98,85,5.8,67,7,53.22
3,71,46,7.8,66,5,42.08
10,63,57,7.0,36,5,34.25
10,72,42,7.0,65,1,43.19
5,85,43,8.2,92,5,42.32
1,77,55,7.7,61,4,39.34
6,92,74,4.6,51,9,39.2
6,85,43,4.7,95,9,48.14
2,76,100,7.2,41,8,50.83
7,86,67,6.7,64,1,48.63
9,99,56,5.7,66,9,51.99
2,76,71,6.4,64,4,57.28
8,66,88,7.9,91,5,42.28
2,76,59,8.2,60,10,40.15
8,94,42,7.0,94,9,43.78
5,68,43,6.2,39,1,30.11
1,98,91,5.7,79,4,45.62
10,84,46,6.8,71,8,42.04
2,84,78,5.9,49,6,37.75
6,72,63,7.0,48,3,42.84
2,97,87,7.5,78,6,53.35
10,61,43,4.8,73,9,38.55
8,72,94,4.5,72,3,48.37
9,77,82,5.5,38,8,46.31
5,79,67,8.5,71,8,46.0
5,79,52,7.4,94,9,56.51
7,66,99,5.3,36,3,44.2
8,69,58,8.5,63,3,34.6
9,63,69,6.6,65,6,37.61
1,83,64,6.6,89,6,37.26
7,74,54,8.7,52,5,43.32
2,83,65,4.8,64,8,40.71
3,84,49,5.5,78,8,38.95
9,88,40,7.1,38,3,49.76
3,82,57,5.4,83,8,45.46
8,86,46,7.6,85,3,49.29
5,84,65,5.5,78,5,39.71
3,86,92,4.9,74,1,42.53
4,85,49,5.4,80,4,41.6
6,72,40,6.4,82,10,40.95
8,70,46,5.3,90,5,30.71
7,92,70,5.1,61,8,44.19
10,74,56,8.4,62,2,44.63
9,82,69,5.9,73,7,44.79
8,68,41,6.1,46,4,31.38
7,77,60,4.7,87,8,39.89
3,81,65,6.1,82,10,44.21
5,85,66,5.7,73,6,45.06
2,81,73,7.2,53,2,47.44
4,74,87,5.4,56,5,49.36
10,99,68,8.5,61,2,49.8
5,81,91,8.7,75,5,50.73
